product_code,mean_daily_amount,mean_daily_qty,mean_daily_txn,cv_amount,cv_qty,mean_aov,mean_upt,men_share_amount,cluster
511,89663.92916666667,7.8125,3.6041666666666665,0.3834624480088341,0.33729907595121195,26164.383075396825,2.262797619047619,0.4939924978192875,0
501,93948.76666666666,8.108333333333333,3.7666666666666666,0.3860619358557183,0.3447344234477071,25869.601145833334,2.2249586640211643,0.48889070922697936,1
502,93511.03333333334,8.2,3.8666666666666667,0.3824468177049067,0.34765010976614513,25201.109052579366,2.198824404761905,0.5195705961257334,1
505,88582.34166666666,7.783333333333333,3.6791666666666667,0.3893414661606814,0.3542651662894674,25498.716550925925,2.223207671957672,0.49110690891083353,2
